load_date,party_id,address_line_1,address_line_2,city,postal_code,country_of_address,address_start_date
2025-02-18,9823462810,06016 West Overpass,1534 Ryan Knolls,North Lynntown,69420,United States,2021-01-16T13:27:40.232+07:00
2025-02-18,9823462811,317 Scott Row,92137 Ward Views,North Vanessa,64451,Canada,2020-06-09T01:43:58.550+07:00
2025-02-18,9823462812,6875 Bolton Roads,930 Thornton Summit,Lisaton,69327,Mexico,2020-06-09T01:07:01.081+07:00
2025-02-18,9823462813,9269 Robbins Valley,18013 Billy Bridge Suite 522,Schmitthaven,50600,United States,2021-12-10T21:30:20.582+07:00
2025-02-18,9823462814,091 Julie Throughway,8967 Lawson Fort,Lake Nicoleburgh,40142,Canada,2021-02-25T22:00:26.738+07:00
2025-02-18,9823462815,5174 Barton Lights,22345 Sheri Orchard Suite 279,Lake Hollystad,54389,Mexico,2020-03-18T08:46:30.750+07:00
2025-02-18,9823462816,6701 Osborne Brooks,925 Isabel Run,Jamesfort,15049,Canada,2021-11-26T10:08:18.991+07:00
2025-02-18,9823462817,795 Tara Station,64183 Kimberly Mills Suite 375,North Rachelton,64223,Canada,2020-08-26T05:19:49.952+07:00
2025-02-18,9823462818,89933 Kimberly Road,412 Snow Manors Apt. 161,South Kimtown,59053,United States,2021-01-01T13:37:06.031+07:00
